id;user_name;job_title
1;multi-tasking;Internal Mobility Representative
2;Shoes ADP Tasty;Regional Mobility Director
3;revolutionary United States Minor Outlying Islands;Future Configuration Producer
4;full-range maximized turquoise;Corporate Directives Manager
5;reboot;Dynamic Implementation Strategist
6;Pakistan Rupee matrix;Human Directives Orchestrator
7;Coordinator;Lead Accounts Representative
8;Iraq;Central Division Facilitator
9;panel Assistant;Product Security Assistant
10;withdrawal structure;Investor Configuration Director
