id;story_name;created_by;description
1;Monitored compressing;Shoes;composite Implementation
2;sky blue Multi-layered azure;Idaho;Yuan Renminbi
3;networks quantifying;Sleek Rubber Hat Metal Liaison;Jewelery Agent
4;West Virginia;4th generation;Montserrat redefine
5;ubiquitous;compress AGP;Chief
6;moderator;Bedfordshire yellow panel;Brand Profit-focused
7;purple Decentralized Balboa US Dollar;throughput Fresh bluetooth;Granite Upgradable
8;Maine RSS;Investment Account Infrastructure navigate;navigating
9;Greens Right-sized Team-oriented;ADP;Principal reboot
10;functionalities reinvent;XML multimedia;Borders Branding methodical
